{
  "extends": "solhint:recommended",
  "plugins": ["prettier", "chainlink-solidity"],
  "rules": {
    "compiler-version": ["off", "^0.7.0"],
    "const-name-snakecase": "off",
    "constructor-syntax": "error",
    "var-name-mixedcase": "off",
    "func-visibility": [
      "error",
      {
        "ignoreConstructors": true
      }
    ],
    "max-line-length": ["error", 160],
    "not-rely-on-time": "off",
    "prettier/prettier": [
      "off",
      {
        "endOfLine": "auto"
      }
    ],
    "no-empty-blocks": "off",
    "quotes": ["error", "single"],
    "reason-string": [
      "off",
      {
        "maxLength": 64
      }
    ],
    "chainlink-solidity/prefix-internal-functions-with-underscore": "warn",
    "chainlink-solidity/prefix-private-functions-with-underscore": "warn",
    "chainlink-solidity/prefix-storage-variables-with-s-underscore": "warn",
    "chainlink-solidity/prefix-immutable-variables-with-i": "warn",
    "chainlink-solidity/all-caps-constant-storage-variables": "warn",
    "chainlink-solidity/no-hardhat-imports": "warn",
    "chainlink-solidity/inherited-constructor-args-not-in-contract-definition": "warn",
    "chainlink-solidity/explicit-imports": "warn",
    "chainlink-solidity/no-require-statements": "warn",
    "chainlink-solidity/no-block-single-if-reverts": "warn"
  }
}
