[{"inputs":[{"components":[{"components":[{"internalType":"contract LinkTokenInterface","name":"LINKAddress","type":"address"},{"internalType":"uint256","name":"initialMaxPoolSize","type":"uint256"},{"internalType":"uint256","name":"initialMaxPrincipalPerStaker","type":"uint256"},{"internalType":"uint256","name":"minPrincipalPerStaker","type":"uint256"},{"internalType":"uint256","name":"initialUnbondingPeriod","type":"uint256"},{"internalType":"uint256","name":"maxUnbondingPeriod","type":"uint256"},{"internalType":"uint256","name":"initialClaimPeriod","type":"uint256"},{"internalType":"uint256","name":"minClaimPeriod","type":"uint256"},{"internalType":"uint256","name":"maxClaimPeriod","type":"uint256"},{"internalType":"uint48","name":"adminRoleTransferDelay","type":"uint48"}],"internalType":"struct StakingPoolBase.ConstructorParamsBase","name":"baseParams","type":"tuple"},{"internalType":"uint256","name":"minInitialOperatorCount","type":"uint256"}],"internalType":"struct OperatorStakingPool.ConstructorParams","name":"params","type":"tuple"}],"stateMutability":"nonpayable","type":"constructor"},{"inputs":[],"name":"AccessForbidden","type":"error"},{"inputs":[],"name":"CannotClaimRewardWhenPaused","type":"error"},{"inputs":[],"name":"ExceedsMaxPoolSize","type":"error"},{"inputs":[],"name":"ExceedsMaxStakeAmount","type":"error"},{"inputs":[{"internalType":"uint256","name":"numOperators","type":"uint256"},{"internalType":"uint256","name":"minInitialOperatorCount","type":"uint256"}],"name":"InadequateInitialOperatorCount","type":"error"},{"inputs":[{"internalType":"uint256","name":"amountToWithdraw","type":"uint256"},{"internalType":"uint256","name":"remainingBalance","type":"uint256"}],"name":"InsufficientAlerterRewardFunds","type":"error"},{"inputs":[{"internalType":"uint256","name":"maxPoolSize","type":"uint256"},{"internalType":"uint256","name":"maxPrincipalPerStaker","type":"uint256"},{"internalType":"uint256","name":"numOperators","type":"uint256"}],"name":"InsufficientPoolSpace","type":"error"},{"inputs":[],"name":"InsufficientStakeAmount","type":"error"},{"inputs":[],"name":"InvalidAlerterRewardFundAmount","type":"error"},{"inputs":[],"name":"InvalidClaimPeriod","type":"error"},{"inputs":[{"internalType":"uint256","name":"minClaimPeriod","type":"uint256"},{"internalType":"uint256","name":"maxClaimPeriod","type":"uint256"}],"name":"InvalidClaimPeriodRange","type":"error"},{"inputs":[],"name":"InvalidData","type":"error"},{"inputs":[{"internalType":"uint256","name":"maxStakeAmount","type":"uint256"}],"name":"InvalidMaxStakeAmount","type":"error"},{"inputs":[],"name":"InvalidMigrationTarget","type":"error"},{"inputs":[],"name":"InvalidMinStakeAmount","type":"error"},{"inputs":[],"name":"InvalidOperatorList","type":"error"},{"inputs":[{"internalType":"uint256","name":"maxPoolSize","type":"uint256"}],"name":"InvalidPoolSize","type":"error"},{"inputs":[],"name":"InvalidRole","type":"error"},{"inputs":[],"name":"InvalidSlasher","type":"error"},{"inputs":[],"name":"InvalidSlasherConfig","type":"error"},{"inputs":[],"name":"InvalidUnbondingPeriod","type":"error"},{"inputs":[],"name":"InvalidZeroAddress","type":"error"},{"inputs":[],"name":"MigrationProxyNotSet","type":"error"},{"inputs":[{"internalType":"address","name":"operator","type":"address"}],"name":"OperatorAlreadyExists","type":"error"},{"inputs":[{"internalType":"address","name":"operator","type":"address"}],"name":"OperatorDoesNotExist","type":"error"},{"inputs":[{"internalType":"address","name":"operator","type":"address"}],"name":"OperatorHasBeenRemoved","type":"error"},{"inputs":[],"name":"PoolHasBeenClosed","type":"error"},{"inputs":[],"name":"PoolHasBeenOpened","type":"error"},{"inputs":[],"name":"PoolNotClosed","type":"error"},{"inputs":[],"name":"PoolNotOpen","type":"error"},{"inputs":[],"name":"RewardVaultNotActive","type":"error"},{"inputs":[],"name":"RewardVaultNotSet","type":"error"},{"inputs":[],"name":"SenderNotLinkToken","type":"error"},{"inputs":[],"name":"SlashAmountExceedsCapacity","type":"error"},{"inputs":[{"internalType":"address","name":"staker","type":"address"}],"name":"StakeNotFound","type":"error"},{"inputs":[{"internalType":"address","name":"staker","type":"address"}],"name":"StakerNotInClaimPeriod","type":"error"},{"inputs":[],"name":"StakerNotOperator","type":"error"},{"inputs":[{"internalType":"uint256","name":"unbondingPeriodEndsAt","type":"uint256"}],"name":"UnbondingPeriodActive","type":"error"},{"inputs":[],"name":"UnstakeExceedsPrincipal","type":"error"},{"inputs":[],"name":"UnstakePrincipalBelowMinAmount","type":"error"},{"inputs":[],"name":"UnstakeZeroAmount","type":"error"},{"anonymous":false,"inputs":[{"indexed":false,"internalType":"uint256","name":"amountFunded","type":"uint256"},{"indexed":false,"internalType":"uint256","name":"totalBalance","type":"uint256"}],"name":"AlerterRewardDeposited","type":"event"},{"anonymous":false,"inputs":[{"indexed":false,"internalType":"uint256","name":"amountWithdrawn","type":"uint256"},{"indexed":false,"internalType":"uint256","name":"remainingBalance","type":"uint256"}],"name":"AlerterRewardWithdrawn","type":"event"},{"anonymous":false,"inputs":[{"indexed":true,"internalType":"address","name":"alerter","type":"address"},{"indexed":false,"internalType":"uint256","name":"alerterRewardAmount","type":"uint256"}],"name":"AlertingRewardPaid","type":"event"},{"anonymous":false,"inputs":[{"indexed":false,"internalType":"uint256","name":"oldClaimPeriod","type":"uint256"},{"indexed":false,"internalType":"uint256","name":"newClaimPeriod","type":"uint256"}],"name":"ClaimPeriodSet","type":"event"},{"anonymous":false,"inputs":[],"name":"DefaultAdminDelayChangeCanceled","type":"event"},{"anonymous":false,"inputs":[{"indexed":false,"internalType":"uint48","name":"newDelay","type":"uint48"},{"indexed":false,"internalType":"uint48","name":"effectSchedule","type":"uint48"}],"name":"DefaultAdminDelayChangeScheduled","type":"event"},{"anonymous":false,"inputs":[],"name":"DefaultAdminTransferCanceled","type":"event"},{"anonymous":false,"inputs":[{"indexed":true,"internalType":"address","name":"newAdmin","type":"address"},{"indexed":false,"internalType":"uint48","name":"acceptSchedule","type":"uint48"}],"name":"DefaultAdminTransferScheduled","type":"event"},{"anonymous":false,"inputs":[{"indexed":false,"internalType":"uint256","name":"totalOperatorSlashedAmount","type":"uint256"},{"indexed":false,"internalType":"uint256","name":"alerterRewardFunds","type":"uint256"},{"indexed":false,"internalType":"uint256","name":"alerterRewardAmount","type":"uint256"},{"indexed":false,"internalType":"uint256","name":"uncoveredAmount","type":"uint256"}],"name":"InsufficientBalanceToCoverAlertingReward","type":"event"},{"anonymous":false,"inputs":[{"indexed":false,"internalType":"uint256","name":"maxPrincipalPerStaker","type":"uint256"}],"name":"MaxPrincipalAmountIncreased","type":"event"},{"anonymous":false,"inputs":[{"indexed":true,"internalType":"address","name":"migrationProxy","type":"address"}],"name":"MigrationProxySet","type":"event"},{"anonymous":false,"inputs":[{"indexed":true,"internalType":"address","name":"oldMigrationTarget","type":"address"},{"indexed":true,"internalType":"address","name":"newMigrationTarget","type":"address"}],"name":"MigrationTargetSet","type":"event"},{"anonymous":false,"inputs":[{"indexed":true,"internalType":"address","name":"operator","type":"address"}],"name":"OperatorAdded","type":"event"},{"anonymous":false,"inputs":[{"indexed":true,"internalType":"address","name":"operator","type":"address"},{"indexed":false,"internalType":"uint256","name":"principal","type":"uint256"}],"name":"OperatorRemoved","type":"event"},{"anonymous":false,"inputs":[{"indexed":false,"internalType":"address","name":"account","type":"address"}],"name":"Paused","type":"event"},{"anonymous":false,"inputs":[],"name":"PoolClosed","type":"event"},{"anonymous":false,"inputs":[],"name":"PoolOpened","type":"event"},{"anonymous":false,"inputs":[{"indexed":false,"internalType":"uint256","name":"maxPoolSize","type":"uint256"}],"name":"PoolSizeIncreased","type":"event"},{"anonymous":false,"inputs":[{"indexed":true,"internalType":"address","name":"oldRewardVault","type":"address"},{"indexed":true,"internalType":"address","name":"newRewardVault","type":"address"}],"name":"RewardVaultSet","type":"event"},{"anonymous":false,"inputs":[{"indexed":true,"internalType":"bytes32","name":"role","type":"bytes32"},{"indexed":true,"internalType":"bytes32","name":"previousAdminRole","type":"bytes32"},{"indexed":true,"internalType":"bytes32","name":"newAdminRole","type":"bytes32"}],"name":"RoleAdminChanged","type":"event"},{"anonymous":false,"inputs":[{"indexed":true,"internalType":"bytes32","name":"role","type":"bytes32"},{"indexed":true,"internalType":"address","name":"account","type":"address"},{"indexed":true,"internalType":"address","name":"sender","type":"address"}],"name":"RoleGranted","type":"event"},{"anonymous":false,"inputs":[{"indexed":true,"internalType":"bytes32","name":"role","type":"bytes32"},{"indexed":true,"internalType":"address","name":"account","type":"address"},{"indexed":true,"internalType":"address","name":"sender","type":"address"}],"name":"RoleRevoked","type":"event"},{"anonymous":false,"inputs":[{"indexed":true,"internalType":"address","name":"operator","type":"address"},{"indexed":false,"internalType":"uint256","name":"slashedAmount","type":"uint256"},{"indexed":false,"internalType":"uint256","name":"updatedStakerPrincipal","type":"uint256"}],"name":"Slashed","type":"event"},{"anonymous":false,"inputs":[{"indexed":true,"internalType":"address","name":"slasher","type":"address"},{"indexed":false,"internalType":"uint256","name":"refillRate","type":"uint256"},{"indexed":false,"internalType":"uint256","name":"slashCapacity","type":"uint256"}],"name":"SlasherConfigSet","type":"event"},{"anonymous":false,"inputs":[{"indexed":true,"internalType":"address","name":"staker","type":"address"},{"indexed":false,"internalType":"uint256","name":"newStake","type":"uint256"},{"indexed":false,"internalType":"uint256","name":"totalStake","type":"uint256"}],"name":"Staked","type":"event"},{"anonymous":false,"inputs":[{"indexed":true,"internalType":"address","name":"migrationTarget","type":"address"},{"indexed":false,"internalType":"uint256","name":"amount","type":"uint256"},{"indexed":false,"internalType":"bytes","name":"migrationData","type":"bytes"}],"name":"StakerMigrated","type":"event"},{"anonymous":false,"inputs":[{"indexed":true,"internalType":"address","name":"staker","type":"address"}],"name":"UnbondingPeriodReset","type":"event"},{"anonymous":false,"inputs":[{"indexed":false,"internalType":"uint256","name":"oldUnbondingPeriod","type":"uint256"},{"indexed":false,"internalType":"uint256","name":"newUnbondingPeriod","type":"uint256"}],"name":"UnbondingPeriodSet","type":"event"},{"anonymous":false,"inputs":[{"indexed":true,"internalType":"address","name":"staker","type":"address"}],"name":"UnbondingPeriodStarted","type":"event"},{"anonymous":false,"inputs":[{"indexed":false,"internalType":"address","name":"account","type":"address"}],"name":"Unpaused","type":"event"},{"anonymous":false,"inputs":[{"indexed":true,"internalType":"address","name":"staker","type":"address"},{"indexed":false,"internalType":"uint256","name":"amount","type":"uint256"},{"indexed":false,"internalType":"uint256","name":"claimedReward","type":"uint256"}],"name":"Unstaked","type":"event"},{"inputs":[],"name":"DEFAULT_ADMIN_ROLE","outputs":[{"internalType":"bytes32","name":"","type":"bytes32"}],"stateMutability":"view","type":"function"},{"inputs":[],"name":"PAUSER_ROLE","outputs":[{"internalType":"bytes32","name":"","type":"bytes32"}],"stateMutability":"view","type":"function"},{"inputs":[],"name":"SLASHER_ROLE","outputs":[{"internalType":"bytes32","name":"","type":"bytes32"}],"stateMutability":"view","type":"function"},{"inputs":[],"name":"acceptDefaultAdminTransfer","outputs":[],"stateMutability":"nonpayable","type":"function"},{"inputs":[{"internalType":"address[]","name":"operators","type":"address[]"}],"name":"addOperators","outputs":[],"stateMutability":"nonpayable","type":"function"},{"inputs":[{"internalType":"address","name":"slasher","type":"address"},{"components":[{"internalType":"uint256","name":"refillRate","type":"uint256"},{"internalType":"uint256","name":"slashCapacity","type":"uint256"}],"internalType":"struct ISlashable.SlasherConfig","name":"config","type":"tuple"}],"name":"addSlasher","outputs":[],"stateMutability":"nonpayable","type":"function"},{"inputs":[{"internalType":"address","name":"newAdmin","type":"address"}],"name":"beginDefaultAdminTransfer","outputs":[],"stateMutability":"nonpayable","type":"function"},{"inputs":[],"name":"cancelDefaultAdminTransfer","outputs":[],"stateMutability":"nonpayable","type":"function"},{"inputs":[{"internalType":"uint48","name":"newDelay","type":"uint48"}],"name":"changeDefaultAdminDelay","outputs":[],"stateMutability":"nonpayable","type":"function"},{"inputs":[],"name":"close","outputs":[],"stateMutability":"nonpayable","type":"function"},{"inputs":[],"name":"defaultAdmin","outputs":[{"internalType":"address","name":"","type":"address"}],"stateMutability":"view","type":"function"},{"inputs":[],"name":"defaultAdminDelay","outputs":[{"internalType":"uint48","name":"","type":"uint48"}],"stateMutability":"view","type":"function"},{"inputs":[],"name":"defaultAdminDelayIncreaseWait","outputs":[{"internalType":"uint48","name":"","type":"uint48"}],"stateMutability":"view","type":"function"},{"inputs":[{"internalType":"uint256","name":"amount","type":"uint256"}],"name":"depositAlerterReward","outputs":[],"stateMutability":"nonpayable","type":"function"},{"inputs":[],"name":"emergencyPause","outputs":[],"stateMutability":"nonpayable","type":"function"},{"inputs":[],"name":"emergencyUnpause","outputs":[],"stateMutability":"nonpayable","type":"function"},{"inputs":[],"name":"getAlerterRewardFunds","outputs":[{"internalType":"uint256","name":"","type":"uint256"}],"stateMutability":"view","type":"function"},{"inputs":[],"name":"getChainlinkToken","outputs":[{"internalType":"address","name":"","type":"address"}],"stateMutability":"view","type":"function"},{"inputs":[{"internalType":"address","name":"staker","type":"address"}],"name":"getClaimPeriodEndsAt","outputs":[{"internalType":"uint256","name":"","type":"uint256"}],"stateMutability":"view","type":"function"},{"inputs":[],"name":"getClaimPeriodLimits","outputs":[{"internalType":"uint256","name":"","type":"uint256"},{"internalType":"uint256","name":"","type":"uint256"}],"stateMutability":"view","type":"function"},{"inputs":[],"name":"getCurrentCheckpointId","outputs":[{"internalType":"uint32","name":"","type":"uint32"}],"stateMutability":"view","type":"function"},{"inputs":[],"name":"getMaxPoolSize","outputs":[{"internalType":"uint256","name":"","type":"uint256"}],"stateMutability":"view","type":"function"},{"inputs":[],"name":"getMigrationProxy","outputs":[{"internalType":"address","name":"","type":"address"}],"stateMutability":"view","type":"function"},{"inputs":[],"name":"getMigrationTarget","outputs":[{"internalType":"address","name":"","type":"address"}],"stateMutability":"view","type":"function"},{"inputs":[],"name":"getNumOperators","outputs":[{"internalType":"uint256","name":"","type":"uint256"}],"stateMutability":"view","type":"function"},{"inputs":[{"internalType":"address","name":"staker","type":"address"}],"name":"getRemovedPrincipal","outputs":[{"internalType":"uint256","name":"","type":"uint256"}],"stateMutability":"view","type":"function"},{"inputs":[],"name":"getRewardVault","outputs":[{"internalType":"contract IRewardVault","name":"","type":"address"}],"stateMutability":"view","type":"function"},{"inputs":[{"internalType":"bytes32","name":"role","type":"bytes32"}],"name":"getRoleAdmin","outputs":[{"internalType":"bytes32","name":"","type":"bytes32"}],"stateMutability":"view","type":"function"},{"inputs":[{"internalType":"address","name":"slasher","type":"address"}],"name":"getSlashCapacity","outputs":[{"internalType":"uint256","name":"","type":"uint256"}],"stateMutability":"view","type":"function"},{"inputs":[{"internalType":"address","name":"slasher","type":"address"}],"name":"getSlasherConfig","outputs":[{"components":[{"internalType":"uint256","name":"refillRate","type":"uint256"},{"internalType":"uint256","name":"slashCapacity","type":"uint256"}],"internalType":"struct ISlashable.SlasherConfig","name":"","type":"tuple"}],"stateMutability":"view","type":"function"},{"inputs":[],"name":"getStakerLimits","outputs":[{"internalType":"uint256","name":"","type":"uint256"},{"internalType":"uint256","name":"","type":"uint256"}],"stateMutability":"view","type":"function"},{"inputs":[{"internalType":"address","name":"staker","type":"address"}],"name":"getStakerPrincipal","outputs":[{"internalType":"uint256","name":"","type":"uint256"}],"stateMutability":"view","type":"function"},{"inputs":[{"internalType":"address","name":"staker","type":"address"},{"internalType":"uint256","name":"checkpointId","type":"uint256"}],"name":"getStakerPrincipalAt","outputs":[{"internalType":"uint256","name":"","type":"uint256"}],"stateMutability":"view","type":"function"},{"inputs":[{"internalType":"address","name":"staker","type":"address"}],"name":"getStakerStakedAtTime","outputs":[{"internalType":"uint256","name":"","type":"uint256"}],"stateMutability":"view","type":"function"},{"inputs":[{"internalType":"address","name":"staker","type":"address"},{"internalType":"uint256","name":"checkpointId","type":"uint256"}],"name":"getStakerStakedAtTimeAt","outputs":[{"internalType":"uint256","name":"","type":"uint256"}],"stateMutability":"view","type":"function"},{"inputs":[],"name":"getTotalPrincipal","outputs":[{"internalType":"uint256","name":"","type":"uint256"}],"stateMutability":"view","type":"function"},{"inputs":[{"internalType":"address","name":"staker","type":"address"}],"name":"getUnbondingEndsAt","outputs":[{"internalType":"uint256","name":"","type":"uint256"}],"stateMutability":"view","type":"function"},{"inputs":[],"name":"getUnbondingParams","outputs":[{"internalType":"uint256","name":"","type":"uint256"},{"internalType":"uint256","name":"","type":"uint256"}],"stateMutability":"view","type":"function"},{"inputs":[],"name":"getUnbondingPeriodLimits","outputs":[{"internalType":"uint256","name":"","type":"uint256"},{"internalType":"uint256","name":"","type":"uint256"}],"stateMutability":"view","type":"function"},{"inputs":[{"internalType":"bytes32","name":"role","type":"bytes32"},{"internalType":"address","name":"account","type":"address"}],"name":"grantRole","outputs":[],"stateMutability":"nonpayable","type":"function"},{"inputs":[{"internalType":"bytes32","name":"role","type":"bytes32"},{"internalType":"address","name":"account","type":"address"}],"name":"hasRole","outputs":[{"internalType":"bool","name":"","type":"bool"}],"stateMutability":"view","type":"function"},{"inputs":[],"name":"isActive","outputs":[{"internalType":"bool","name":"","type":"bool"}],"stateMutability":"view","type":"function"},{"inputs":[{"internalType":"address","name":"staker","type":"address"}],"name":"isOperator","outputs":[{"internalType":"bool","name":"","type":"bool"}],"stateMutability":"view","type":"function"},{"inputs":[{"internalType":"address","name":"staker","type":"address"}],"name":"isRemoved","outputs":[{"internalType":"bool","name":"","type":"bool"}],"stateMutability":"view","type":"function"},{"inputs":[{"internalType":"bytes","name":"data","type":"bytes"}],"name":"migrate","outputs":[],"stateMutability":"nonpayable","type":"function"},{"inputs":[{"internalType":"address","name":"sender","type":"address"},{"internalType":"uint256","name":"amount","type":"uint256"},{"internalType":"bytes","name":"data","type":"bytes"}],"name":"onTokenTransfer","outputs":[],"stateMutability":"nonpayable","type":"function"},{"inputs":[],"name":"open","outputs":[],"stateMutability":"nonpayable","type":"function"},{"inputs":[],"name":"owner","outputs":[{"internalType":"address","name":"","type":"address"}],"stateMutability":"view","type":"function"},{"inputs":[],"name":"paused","outputs":[{"internalType":"bool","name":"","type":"bool"}],"stateMutability":"view","type":"function"},{"inputs":[],"name":"pendingDefaultAdmin","outputs":[{"internalType":"address","name":"newAdmin","type":"address"},{"internalType":"uint48","name":"schedule","type":"uint48"}],"stateMutability":"view","type":"function"},{"inputs":[],"name":"pendingDefaultAdminDelay","outputs":[{"internalType":"uint48","name":"newDelay","type":"uint48"},{"internalType":"uint48","name":"schedule","type":"uint48"}],"stateMutability":"view","type":"function"},{"inputs":[{"internalType":"address[]","name":"operators","type":"address[]"}],"name":"removeOperators","outputs":[],"stateMutability":"nonpayable","type":"function"},{"inputs":[{"internalType":"bytes32","name":"role","type":"bytes32"},{"internalType":"address","name":"account","type":"address"}],"name":"renounceRole","outputs":[],"stateMutability":"nonpayable","type":"function"},{"inputs":[{"internalType":"bytes32","name":"role","type":"bytes32"},{"internalType":"address","name":"account","type":"address"}],"name":"revokeRole","outputs":[],"stateMutability":"nonpayable","type":"function"},{"inputs":[],"name":"rollbackDefaultAdminDelay","outputs":[],"stateMutability":"nonpayable","type":"function"},{"inputs":[{"internalType":"uint256","name":"claimPeriod","type":"uint256"}],"name":"setClaimPeriod","outputs":[],"stateMutability":"nonpayable","type":"function"},{"inputs":[{"internalType":"address","name":"migrationProxy","type":"address"}],"name":"setMigrationProxy","outputs":[],"stateMutability":"nonpayable","type":"function"},{"inputs":[{"internalType":"address","name":"newMigrationTarget","type":"address"}],"name":"setMigrationTarget","outputs":[],"stateMutability":"nonpayable","type":"function"},{"inputs":[{"internalType":"uint256","name":"maxPoolSize","type":"uint256"},{"internalType":"uint256","name":"maxPrincipalPerStaker","type":"uint256"}],"name":"setPoolConfig","outputs":[],"stateMutability":"nonpayable","type":"function"},{"inputs":[{"internalType":"contract IRewardVault","name":"newRewardVault","type":"address"}],"name":"setRewardVault","outputs":[],"stateMutability":"nonpayable","type":"function"},{"inputs":[{"internalType":"address","name":"slasher","type":"address"},{"components":[{"internalType":"uint256","name":"refillRate","type":"uint256"},{"internalType":"uint256","name":"slashCapacity","type":"uint256"}],"internalType":"struct ISlashable.SlasherConfig","name":"config","type":"tuple"}],"name":"setSlasherConfig","outputs":[],"stateMutability":"nonpayable","type":"function"},{"inputs":[{"internalType":"uint256","name":"newUnbondingPeriod","type":"uint256"}],"name":"setUnbondingPeriod","outputs":[],"stateMutability":"nonpayable","type":"function"},{"inputs":[{"internalType":"address[]","name":"stakers","type":"address[]"},{"internalType":"address","name":"alerter","type":"address"},{"internalType":"uint256","name":"principalAmount","type":"uint256"},{"internalType":"uint256","name":"alerterRewardAmount","type":"uint256"}],"name":"slash","outputs":[],"stateMutability":"nonpayable","type":"function"},{"inputs":[{"internalType":"bytes4","name":"interfaceID","type":"bytes4"}],"name":"supportsInterface","outputs":[{"internalType":"bool","name":"","type":"bool"}],"stateMutability":"view","type":"function"},{"inputs":[],"name":"typeAndVersion","outputs":[{"internalType":"string","name":"","type":"string"}],"stateMutability":"pure","type":"function"},{"inputs":[],"name":"unbond","outputs":[],"stateMutability":"nonpayable","type":"function"},{"inputs":[{"internalType":"uint256","name":"amount","type":"uint256"},{"internalType":"bool","name":"shouldClaimReward","type":"bool"}],"name":"unstake","outputs":[],"stateMutability":"nonpayable","type":"function"},{"inputs":[],"name":"unstakeRemovedPrincipal","outputs":[],"stateMutability":"nonpayable","type":"function"},{"inputs":[{"internalType":"uint256","name":"amount","type":"uint256"}],"name":"withdrawAlerterReward","outputs":[],"stateMutability":"nonpayable","type":"function"}]