[{"inputs":[{"components":[{"internalType":"contract CommunityStakingPool","name":"communityStakingPool","type":"address"},{"internalType":"contract OperatorStakingPool","name":"operatorStakingPool","type":"address"},{"components":[{"internalType":"address","name":"feed","type":"address"},{"internalType":"uint256","name":"priorityPeriodThreshold","type":"uint256"},{"internalType":"uint256","name":"regularPeriodThreshold","type":"uint256"},{"internalType":"uint256","name":"slashableAmount","type":"uint256"},{"internalType":"uint256","name":"alerterRewardAmount","type":"uint256"},{"internalType":"address[]","name":"slashableOperators","type":"address[]"}],"internalType":"struct PriceFeedAlertsController.ConstructorFeedConfigParams[]","name":"feedConfigs","type":"tuple[]"},{"internalType":"uint48","name":"adminRoleTransferDelay","type":"uint48"}],"internalType":"struct PriceFeedAlertsController.ConstructorParams","name":"params","type":"tuple"}],"stateMutability":"nonpayable","type":"constructor"},{"inputs":[],"name":"AlertInvalid","type":"error"},{"inputs":[],"name":"DoesNotHaveSlasherRole","type":"error"},{"inputs":[],"name":"FeedDoesNotExist","type":"error"},{"inputs":[],"name":"InvalidAlerterRewardAmount","type":"error"},{"inputs":[],"name":"InvalidMigrationTarget","type":"error"},{"inputs":[],"name":"InvalidOperatorList","type":"error"},{"inputs":[{"internalType":"bool","name":"currentStatus","type":"bool"},{"internalType":"bool","name":"requiredStatus","type":"bool"}],"name":"InvalidPoolStatus","type":"error"},{"inputs":[],"name":"InvalidPriorityPeriodThreshold","type":"error"},{"inputs":[],"name":"InvalidRegularPeriodThreshold","type":"error"},{"inputs":[],"name":"InvalidSlashableAmount","type":"error"},{"inputs":[],"name":"InvalidZeroAddress","type":"error"},{"anonymous":false,"inputs":[{"indexed":true,"internalType":"address","name":"alerter","type":"address"},{"indexed":true,"internalType":"uint256","name":"roundId","type":"uint256"},{"indexed":false,"internalType":"uint256","name":"rewardAmount","type":"uint256"}],"name":"AlertRaised","type":"event"},{"anonymous":false,"inputs":[{"indexed":true,"internalType":"address","name":"migrationTarget","type":"address"}],"name":"AlertsControllerMigrated","type":"event"},{"anonymous":false,"inputs":[{"indexed":true,"internalType":"address","name":"oldCommunityStakingPool","type":"address"},{"indexed":true,"internalType":"address","name":"newCommunityStakingPool","type":"address"}],"name":"CommunityStakingPoolSet","type":"event"},{"anonymous":false,"inputs":[],"name":"DefaultAdminDelayChangeCanceled","type":"event"},{"anonymous":false,"inputs":[{"indexed":false,"internalType":"uint48","name":"newDelay","type":"uint48"},{"indexed":false,"internalType":"uint48","name":"effectSchedule","type":"uint48"}],"name":"DefaultAdminDelayChangeScheduled","type":"event"},{"anonymous":false,"inputs":[],"name":"DefaultAdminTransferCanceled","type":"event"},{"anonymous":false,"inputs":[{"indexed":true,"internalType":"address","name":"newAdmin","type":"address"},{"indexed":false,"internalType":"uint48","name":"acceptSchedule","type":"uint48"}],"name":"DefaultAdminTransferScheduled","type":"event"},{"anonymous":false,"inputs":[{"indexed":true,"internalType":"address","name":"feed","type":"address"}],"name":"FeedConfigRemoved","type":"event"},{"anonymous":false,"inputs":[{"indexed":true,"internalType":"address","name":"feed","type":"address"},{"indexed":false,"internalType":"uint256","name":"priorityPeriodThreshold","type":"uint256"},{"indexed":false,"internalType":"uint256","name":"regularPeriodThreshold","type":"uint256"},{"indexed":false,"internalType":"uint256","name":"slashableAmount","type":"uint256"},{"indexed":false,"internalType":"uint256","name":"alerterRewardAmount","type":"uint256"}],"name":"FeedConfigSet","type":"event"},{"anonymous":false,"inputs":[{"indexed":true,"internalType":"address","name":"migrationTarget","type":"address"},{"indexed":false,"internalType":"address[]","name":"feeds","type":"address[]"},{"indexed":false,"internalType":"bytes","name":"migrationData","type":"bytes"}],"name":"MigrationDataSent","type":"event"},{"anonymous":false,"inputs":[{"indexed":true,"internalType":"address","name":"oldMigrationTarget","type":"address"},{"indexed":true,"internalType":"address","name":"newMigrationTarget","type":"address"}],"name":"MigrationTargetSet","type":"event"},{"anonymous":false,"inputs":[{"indexed":true,"internalType":"address","name":"oldOperatorStakingPool","type":"address"},{"indexed":true,"internalType":"address","name":"newOperatorStakingPool","type":"address"}],"name":"OperatorStakingPoolSet","type":"event"},{"anonymous":false,"inputs":[{"indexed":false,"internalType":"address","name":"account","type":"address"}],"name":"Paused","type":"event"},{"anonymous":false,"inputs":[{"indexed":true,"internalType":"bytes32","name":"role","type":"bytes32"},{"indexed":true,"internalType":"bytes32","name":"previousAdminRole","type":"bytes32"},{"indexed":true,"internalType":"bytes32","name":"newAdminRole","type":"bytes32"}],"name":"RoleAdminChanged","type":"event"},{"anonymous":false,"inputs":[{"indexed":true,"internalType":"bytes32","name":"role","type":"bytes32"},{"indexed":true,"internalType":"address","name":"account","type":"address"},{"indexed":true,"internalType":"address","name":"sender","type":"address"}],"name":"RoleGranted","type":"event"},{"anonymous":false,"inputs":[{"indexed":true,"internalType":"bytes32","name":"role","type":"bytes32"},{"indexed":true,"internalType":"address","name":"account","type":"address"},{"indexed":true,"internalType":"address","name":"sender","type":"address"}],"name":"RoleRevoked","type":"event"},{"anonymous":false,"inputs":[{"indexed":true,"internalType":"address","name":"feed","type":"address"},{"indexed":false,"internalType":"address[]","name":"operators","type":"address[]"}],"name":"SlashableOperatorsSet","type":"event"},{"anonymous":false,"inputs":[{"indexed":false,"internalType":"address","name":"account","type":"address"}],"name":"Unpaused","type":"event"},{"inputs":[],"name":"DEFAULT_ADMIN_ROLE","outputs":[{"internalType":"bytes32","name":"","type":"bytes32"}],"stateMutability":"view","type":"function"},{"inputs":[],"name":"PAUSER_ROLE","outputs":[{"internalType":"bytes32","name":"","type":"bytes32"}],"stateMutability":"view","type":"function"},{"inputs":[],"name":"acceptDefaultAdminTransfer","outputs":[],"stateMutability":"nonpayable","type":"function"},{"inputs":[{"internalType":"address","name":"newAdmin","type":"address"}],"name":"beginDefaultAdminTransfer","outputs":[],"stateMutability":"nonpayable","type":"function"},{"inputs":[{"internalType":"address","name":"alerter","type":"address"},{"internalType":"bytes","name":"data","type":"bytes"}],"name":"canAlert","outputs":[{"internalType":"bool","name":"","type":"bool"}],"stateMutability":"view","type":"function"},{"inputs":[],"name":"cancelDefaultAdminTransfer","outputs":[],"stateMutability":"nonpayable","type":"function"},{"inputs":[{"internalType":"uint48","name":"newDelay","type":"uint48"}],"name":"changeDefaultAdminDelay","outputs":[],"stateMutability":"nonpayable","type":"function"},{"inputs":[],"name":"defaultAdmin","outputs":[{"internalType":"address","name":"","type":"address"}],"stateMutability":"view","type":"function"},{"inputs":[],"name":"defaultAdminDelay","outputs":[{"internalType":"uint48","name":"","type":"uint48"}],"stateMutability":"view","type":"function"},{"inputs":[],"name":"defaultAdminDelayIncreaseWait","outputs":[{"internalType":"uint48","name":"","type":"uint48"}],"stateMutability":"view","type":"function"},{"inputs":[],"name":"emergencyPause","outputs":[],"stateMutability":"nonpayable","type":"function"},{"inputs":[],"name":"emergencyUnpause","outputs":[],"stateMutability":"nonpayable","type":"function"},{"inputs":[{"internalType":"address","name":"feed","type":"address"}],"name":"getFeedConfig","outputs":[{"components":[{"internalType":"uint256","name":"priorityPeriodThreshold","type":"uint256"},{"internalType":"uint256","name":"regularPeriodThreshold","type":"uint256"},{"internalType":"uint256","name":"slashableAmount","type":"uint256"},{"internalType":"uint256","name":"alerterRewardAmount","type":"uint256"}],"internalType":"struct PriceFeedAlertsController.FeedConfig","name":"","type":"tuple"}],"stateMutability":"view","type":"function"},{"inputs":[],"name":"getMigrationTarget","outputs":[{"internalType":"address","name":"","type":"address"}],"stateMutability":"view","type":"function"},{"inputs":[{"internalType":"bytes32","name":"role","type":"bytes32"}],"name":"getRoleAdmin","outputs":[{"internalType":"bytes32","name":"","type":"bytes32"}],"stateMutability":"view","type":"function"},{"inputs":[{"internalType":"bytes","name":"data","type":"bytes"}],"name":"getSlashableOperators","outputs":[{"internalType":"address[]","name":"","type":"address[]"}],"stateMutability":"view","type":"function"},{"inputs":[],"name":"getStakingPools","outputs":[{"internalType":"address[]","name":"","type":"address[]"}],"stateMutability":"view","type":"function"},{"inputs":[{"internalType":"bytes32","name":"role","type":"bytes32"},{"internalType":"address","name":"account","type":"address"}],"name":"grantRole","outputs":[],"stateMutability":"nonpayable","type":"function"},{"inputs":[{"internalType":"bytes32","name":"role","type":"bytes32"},{"internalType":"address","name":"account","type":"address"}],"name":"hasRole","outputs":[{"internalType":"bool","name":"","type":"bool"}],"stateMutability":"view","type":"function"},{"inputs":[{"internalType":"bytes","name":"","type":"bytes"}],"name":"migrate","outputs":[],"stateMutability":"nonpayable","type":"function"},{"inputs":[],"name":"owner","outputs":[{"internalType":"address","name":"","type":"address"}],"stateMutability":"view","type":"function"},{"inputs":[],"name":"paused","outputs":[{"internalType":"bool","name":"","type":"bool"}],"stateMutability":"view","type":"function"},{"inputs":[],"name":"pendingDefaultAdmin","outputs":[{"internalType":"address","name":"newAdmin","type":"address"},{"internalType":"uint48","name":"schedule","type":"uint48"}],"stateMutability":"view","type":"function"},{"inputs":[],"name":"pendingDefaultAdminDelay","outputs":[{"internalType":"uint48","name":"newDelay","type":"uint48"},{"internalType":"uint48","name":"schedule","type":"uint48"}],"stateMutability":"view","type":"function"},{"inputs":[{"internalType":"bytes","name":"data","type":"bytes"}],"name":"raiseAlert","outputs":[],"stateMutability":"nonpayable","type":"function"},{"inputs":[{"internalType":"address","name":"feed","type":"address"}],"name":"removeFeedConfig","outputs":[],"stateMutability":"nonpayable","type":"function"},{"inputs":[{"internalType":"bytes32","name":"role","type":"bytes32"},{"internalType":"address","name":"account","type":"address"}],"name":"renounceRole","outputs":[],"stateMutability":"nonpayable","type":"function"},{"inputs":[{"internalType":"bytes32","name":"role","type":"bytes32"},{"internalType":"address","name":"account","type":"address"}],"name":"revokeRole","outputs":[],"stateMutability":"nonpayable","type":"function"},{"inputs":[],"name":"rollbackDefaultAdminDelay","outputs":[],"stateMutability":"nonpayable","type":"function"},{"inputs":[{"internalType":"address[]","name":"feeds","type":"address[]"}],"name":"sendMigrationData","outputs":[],"stateMutability":"nonpayable","type":"function"},{"inputs":[{"internalType":"contract CommunityStakingPool","name":"newCommunityStakingPool","type":"address"}],"name":"setCommunityStakingPool","outputs":[],"stateMutability":"nonpayable","type":"function"},{"inputs":[{"components":[{"internalType":"address","name":"feed","type":"address"},{"internalType":"uint256","name":"priorityPeriodThreshold","type":"uint256"},{"internalType":"uint256","name":"regularPeriodThreshold","type":"uint256"},{"internalType":"uint256","name":"slashableAmount","type":"uint256"},{"internalType":"uint256","name":"alerterRewardAmount","type":"uint256"}],"internalType":"struct PriceFeedAlertsController.SetFeedConfigParams[]","name":"configs","type":"tuple[]"}],"name":"setFeedConfigs","outputs":[],"stateMutability":"nonpayable","type":"function"},{"inputs":[{"internalType":"address","name":"newMigrationTarget","type":"address"}],"name":"setMigrationTarget","outputs":[],"stateMutability":"nonpayable","type":"function"},{"inputs":[{"internalType":"contract OperatorStakingPool","name":"newOperatorStakingPool","type":"address"}],"name":"setOperatorStakingPool","outputs":[],"stateMutability":"nonpayable","type":"function"},{"inputs":[{"internalType":"address[]","name":"operators","type":"address[]"},{"internalType":"bytes","name":"data","type":"bytes"}],"name":"setSlashableOperators","outputs":[],"stateMutability":"nonpayable","type":"function"},{"inputs":[{"internalType":"bytes4","name":"interfaceId","type":"bytes4"}],"name":"supportsInterface","outputs":[{"internalType":"bool","name":"","type":"bool"}],"stateMutability":"view","type":"function"},{"inputs":[],"name":"typeAndVersion","outputs":[{"internalType":"string","name":"","type":"string"}],"stateMutability":"pure","type":"function"}]