[{"inputs":[{"components":[{"internalType":"contract LinkTokenInterface","name":"linkToken","type":"address"},{"internalType":"contract CommunityStakingPool","name":"communityStakingPool","type":"address"},{"internalType":"contract OperatorStakingPool","name":"operatorStakingPool","type":"address"},{"internalType":"uint256","name":"delegationRateDenominator","type":"uint256"},{"internalType":"uint256","name":"initialMultiplierDuration","type":"uint256"},{"internalType":"uint48","name":"adminRoleTransferDelay","type":"uint48"}],"internalType":"struct RewardVault.ConstructorParams","name":"params","type":"tuple"}],"stateMutability":"nonpayable","type":"constructor"},{"inputs":[],"name":"AccessForbidden","type":"error"},{"inputs":[],"name":"CannotClaimRewardWhenPaused","type":"error"},{"inputs":[],"name":"InsufficentRewardsForDelegationRate","type":"error"},{"inputs":[],"name":"InvalidDelegationRateDenominator","type":"error"},{"inputs":[],"name":"InvalidEmissionRate","type":"error"},{"inputs":[],"name":"InvalidMigrationSource","type":"error"},{"inputs":[],"name":"InvalidMigrationTarget","type":"error"},{"inputs":[],"name":"InvalidPool","type":"error"},{"inputs":[],"name":"InvalidRewardAmount","type":"error"},{"inputs":[{"internalType":"address","name":"stakerArg","type":"address"},{"internalType":"address","name":"msgSender","type":"address"}],"name":"InvalidStaker","type":"error"},{"inputs":[],"name":"InvalidZeroAddress","type":"error"},{"inputs":[],"name":"NoRewardToClaim","type":"error"},{"inputs":[],"name":"RewardDurationTooShort","type":"error"},{"inputs":[],"name":"SenderNotLinkToken","type":"error"},{"inputs":[],"name":"VaultAlreadyClosed","type":"error"},{"anonymous":false,"inputs":[],"name":"DefaultAdminDelayChangeCanceled","type":"event"},{"anonymous":false,"inputs":[{"indexed":false,"internalType":"uint48","name":"newDelay","type":"uint48"},{"indexed":false,"internalType":"uint48","name":"effectSchedule","type":"uint48"}],"name":"DefaultAdminDelayChangeScheduled","type":"event"},{"anonymous":false,"inputs":[],"name":"DefaultAdminTransferCanceled","type":"event"},{"anonymous":false,"inputs":[{"indexed":true,"internalType":"address","name":"newAdmin","type":"address"},{"indexed":false,"internalType":"uint48","name":"acceptSchedule","type":"uint48"}],"name":"DefaultAdminTransferScheduled","type":"event"},{"anonymous":false,"inputs":[{"indexed":false,"internalType":"uint256","name":"oldDelegationRateDenominator","type":"uint256"},{"indexed":false,"internalType":"uint256","name":"newDelegationRateDenominator","type":"uint256"}],"name":"DelegationRateDenominatorSet","type":"event"},{"anonymous":false,"inputs":[{"indexed":false,"internalType":"uint256","name":"vestedReward","type":"uint256"},{"indexed":false,"internalType":"uint256","name":"vestedRewardPerToken","type":"uint256"},{"indexed":false,"internalType":"uint256","name":"reclaimedReward","type":"uint256"},{"indexed":false,"internalType":"bool","name":"isOperatorReward","type":"bool"}],"name":"ForfeitedRewardDistributed","type":"event"},{"anonymous":false,"inputs":[{"indexed":true,"internalType":"address","name":"oldMigrationSource","type":"address"},{"indexed":true,"internalType":"address","name":"newMigrationSource","type":"address"}],"name":"MigrationSourceSet","type":"event"},{"anonymous":false,"inputs":[{"indexed":true,"internalType":"address","name":"oldMigrationTarget","type":"address"},{"indexed":true,"internalType":"address","name":"newMigrationTarget","type":"address"}],"name":"MigrationTargetSet","type":"event"},{"anonymous":false,"inputs":[{"indexed":false,"internalType":"uint256","name":"oldMultiplierDuration","type":"uint256"},{"indexed":false,"internalType":"uint256","name":"newMultiplierDuration","type":"uint256"}],"name":"MultiplierDurationSet","type":"event"},{"anonymous":false,"inputs":[{"indexed":false,"internalType":"address","name":"account","type":"address"}],"name":"Paused","type":"event"},{"anonymous":false,"inputs":[{"indexed":true,"internalType":"address","name":"pool","type":"address"},{"indexed":false,"internalType":"uint256","name":"amount","type":"uint256"},{"indexed":false,"internalType":"uint256","name":"emissionRate","type":"uint256"}],"name":"RewardAdded","type":"event"},{"anonymous":false,"inputs":[{"indexed":true,"internalType":"address","name":"staker","type":"address"},{"indexed":false,"internalType":"uint256","name":"claimedRewards","type":"uint256"}],"name":"RewardClaimed","type":"event"},{"anonymous":false,"inputs":[{"indexed":false,"internalType":"address","name":"staker","type":"address"},{"indexed":false,"internalType":"bool","name":"shouldForfeit","type":"bool"},{"indexed":false,"internalType":"uint256","name":"storedBaseReward","type":"uint256"},{"indexed":false,"internalType":"uint256","name":"finalizedBaseReward","type":"uint256"},{"indexed":false,"internalType":"uint256","name":"finalizedDelegatedReward","type":"uint256"}],"name":"RewardFinalized","type":"event"},{"anonymous":false,"inputs":[{"indexed":true,"internalType":"address","name":"staker","type":"address"},{"indexed":false,"internalType":"uint256","name":"communityBaseRewardPerToken","type":"uint256"},{"indexed":false,"internalType":"uint256","name":"operatorBaseRewardPerToken","type":"uint256"},{"indexed":false,"internalType":"uint256","name":"operatorDelegatedRewardPerToken","type":"uint256"}],"name":"RewardUpdated","type":"event"},{"anonymous":false,"inputs":[{"indexed":true,"internalType":"bytes32","name":"role","type":"bytes32"},{"indexed":true,"internalType":"bytes32","name":"previousAdminRole","type":"bytes32"},{"indexed":true,"internalType":"bytes32","name":"newAdminRole","type":"bytes32"}],"name":"RoleAdminChanged","type":"event"},{"anonymous":false,"inputs":[{"indexed":true,"internalType":"bytes32","name":"role","type":"bytes32"},{"indexed":true,"internalType":"address","name":"account","type":"address"},{"indexed":true,"internalType":"address","name":"sender","type":"address"}],"name":"RoleGranted","type":"event"},{"anonymous":false,"inputs":[{"indexed":true,"internalType":"bytes32","name":"role","type":"bytes32"},{"indexed":true,"internalType":"address","name":"account","type":"address"},{"indexed":true,"internalType":"address","name":"sender","type":"address"}],"name":"RoleRevoked","type":"event"},{"anonymous":false,"inputs":[{"indexed":false,"internalType":"address","name":"account","type":"address"}],"name":"Unpaused","type":"event"},{"anonymous":false,"inputs":[{"indexed":false,"internalType":"uint256","name":"totalUnvestedRewards","type":"uint256"}],"name":"VaultClosed","type":"event"},{"anonymous":false,"inputs":[{"indexed":true,"internalType":"address","name":"migrationTarget","type":"address"},{"indexed":false,"internalType":"uint256","name":"totalUnvestedRewards","type":"uint256"},{"indexed":false,"internalType":"uint256","name":"totalEmissionRate","type":"uint256"}],"name":"VaultMigrated","type":"event"},{"anonymous":false,"inputs":[{"indexed":true,"internalType":"address","name":"migrationSource","type":"address"},{"indexed":false,"internalType":"uint256","name":"totalUnvestedRewards","type":"uint256"},{"indexed":false,"internalType":"uint256","name":"totalEmissionRate","type":"uint256"}],"name":"VaultMigrationProcessed","type":"event"},{"anonymous":false,"inputs":[],"name":"VaultOpened","type":"event"},{"inputs":[],"name":"DEFAULT_ADMIN_ROLE","outputs":[{"internalType":"bytes32","name":"","type":"bytes32"}],"stateMutability":"view","type":"function"},{"inputs":[],"name":"PAUSER_ROLE","outputs":[{"internalType":"bytes32","name":"","type":"bytes32"}],"stateMutability":"view","type":"function"},{"inputs":[],"name":"REWARDER_ROLE","outputs":[{"internalType":"bytes32","name":"","type":"bytes32"}],"stateMutability":"view","type":"function"},{"inputs":[],"name":"acceptDefaultAdminTransfer","outputs":[],"stateMutability":"nonpayable","type":"function"},{"inputs":[{"internalType":"address","name":"pool","type":"address"},{"internalType":"uint256","name":"amount","type":"uint256"},{"internalType":"uint256","name":"emissionRate","type":"uint256"}],"name":"addReward","outputs":[],"stateMutability":"nonpayable","type":"function"},{"inputs":[{"internalType":"address","name":"newAdmin","type":"address"}],"name":"beginDefaultAdminTransfer","outputs":[],"stateMutability":"nonpayable","type":"function"},{"inputs":[{"internalType":"address","name":"staker","type":"address"}],"name":"calculateLatestStakerReward","outputs":[{"components":[{"internalType":"uint256","name":"storedBaseReward","type":"uint256"},{"internalType":"uint256","name":"finalizedBaseReward","type":"uint256"},{"internalType":"uint256","name":"finalizedDelegatedReward","type":"uint256"},{"internalType":"uint256","name":"baseRewardPerToken","type":"uint256"},{"internalType":"uint256","name":"operatorDelegatedRewardPerToken","type":"uint256"},{"internalType":"uint256","name":"claimedBaseRewardsInPeriod","type":"uint256"},{"internalType":"uint256","name":"totalEarnedBaseRewardsInPeriod","type":"uint256"}],"internalType":"struct RewardVault.StakerReward","name":"","type":"tuple"},{"internalType":"uint256","name":"","type":"uint256"}],"stateMutability":"view","type":"function"},{"inputs":[],"name":"cancelDefaultAdminTransfer","outputs":[],"stateMutability":"nonpayable","type":"function"},{"inputs":[{"internalType":"uint48","name":"newDelay","type":"uint48"}],"name":"changeDefaultAdminDelay","outputs":[],"stateMutability":"nonpayable","type":"function"},{"inputs":[],"name":"claimReward","outputs":[{"internalType":"uint256","name":"","type":"uint256"}],"stateMutability":"nonpayable","type":"function"},{"inputs":[],"name":"close","outputs":[],"stateMutability":"nonpayable","type":"function"},{"inputs":[],"name":"defaultAdmin","outputs":[{"internalType":"address","name":"","type":"address"}],"stateMutability":"view","type":"function"},{"inputs":[],"name":"defaultAdminDelay","outputs":[{"internalType":"uint48","name":"","type":"uint48"}],"stateMutability":"view","type":"function"},{"inputs":[],"name":"defaultAdminDelayIncreaseWait","outputs":[{"internalType":"uint48","name":"","type":"uint48"}],"stateMutability":"view","type":"function"},{"inputs":[],"name":"emergencyPause","outputs":[],"stateMutability":"nonpayable","type":"function"},{"inputs":[],"name":"emergencyUnpause","outputs":[],"stateMutability":"nonpayable","type":"function"},{"inputs":[{"internalType":"address","name":"staker","type":"address"},{"internalType":"uint256","name":"newPrincipal","type":"uint256"},{"internalType":"uint256","name":"unstakedAmount","type":"uint256"},{"internalType":"bool","name":"shouldClaim","type":"bool"}],"name":"finalizeReward","outputs":[{"internalType":"uint256","name":"","type":"uint256"}],"stateMutability":"nonpayable","type":"function"},{"inputs":[],"name":"getDelegationRateDenominator","outputs":[{"internalType":"uint256","name":"","type":"uint256"}],"stateMutability":"view","type":"function"},{"inputs":[],"name":"getMigrationSource","outputs":[{"internalType":"address","name":"","type":"address"}],"stateMutability":"view","type":"function"},{"inputs":[],"name":"getMigrationTarget","outputs":[{"internalType":"address","name":"","type":"address"}],"stateMutability":"view","type":"function"},{"inputs":[{"internalType":"address","name":"staker","type":"address"}],"name":"getMultiplier","outputs":[{"internalType":"uint256","name":"","type":"uint256"}],"stateMutability":"view","type":"function"},{"inputs":[],"name":"getMultiplierDuration","outputs":[{"internalType":"uint256","name":"","type":"uint256"}],"stateMutability":"view","type":"function"},{"inputs":[{"internalType":"address","name":"staker","type":"address"}],"name":"getReward","outputs":[{"internalType":"uint256","name":"","type":"uint256"}],"stateMutability":"view","type":"function"},{"inputs":[],"name":"getRewardBuckets","outputs":[{"components":[{"components":[{"internalType":"uint256","name":"emissionRate","type":"uint256"},{"internalType":"uint256","name":"rewardDurationEndsAt","type":"uint256"},{"internalType":"uint256","name":"vestedRewardPerToken","type":"uint256"}],"internalType":"struct RewardVault.RewardBucket","name":"operatorBase","type":"tuple"},{"components":[{"internalType":"uint256","name":"emissionRate","type":"uint256"},{"internalType":"uint256","name":"rewardDurationEndsAt","type":"uint256"},{"internalType":"uint256","name":"vestedRewardPerToken","type":"uint256"}],"internalType":"struct RewardVault.RewardBucket","name":"communityBase","type":"tuple"},{"components":[{"internalType":"uint256","name":"emissionRate","type":"uint256"},{"internalType":"uint256","name":"rewardDurationEndsAt","type":"uint256"},{"internalType":"uint256","name":"vestedRewardPerToken","type":"uint256"}],"internalType":"struct RewardVault.RewardBucket","name":"operatorDelegated","type":"tuple"}],"internalType":"struct RewardVault.RewardBuckets","name":"","type":"tuple"}],"stateMutability":"view","type":"function"},{"inputs":[],"name":"getRewardPerTokenUpdatedAt","outputs":[{"internalType":"uint256","name":"","type":"uint256"}],"stateMutability":"view","type":"function"},{"inputs":[{"internalType":"bytes32","name":"role","type":"bytes32"}],"name":"getRoleAdmin","outputs":[{"internalType":"bytes32","name":"","type":"bytes32"}],"stateMutability":"view","type":"function"},{"inputs":[{"internalType":"address","name":"staker","type":"address"}],"name":"getStoredReward","outputs":[{"components":[{"internalType":"uint256","name":"storedBaseReward","type":"uint256"},{"internalType":"uint256","name":"finalizedBaseReward","type":"uint256"},{"internalType":"uint256","name":"finalizedDelegatedReward","type":"uint256"},{"internalType":"uint256","name":"baseRewardPerToken","type":"uint256"},{"internalType":"uint256","name":"operatorDelegatedRewardPerToken","type":"uint256"},{"internalType":"uint256","name":"claimedBaseRewardsInPeriod","type":"uint256"},{"internalType":"uint256","name":"totalEarnedBaseRewardsInPeriod","type":"uint256"}],"internalType":"struct RewardVault.StakerReward","name":"","type":"tuple"}],"stateMutability":"view","type":"function"},{"inputs":[],"name":"getUnvestedRewards","outputs":[{"internalType":"uint256","name":"","type":"uint256"},{"internalType":"uint256","name":"","type":"uint256"},{"internalType":"uint256","name":"","type":"uint256"}],"stateMutability":"view","type":"function"},{"inputs":[],"name":"getVestingCheckpointData","outputs":[{"components":[{"internalType":"uint256","name":"operatorPoolTotalPrincipal","type":"uint256"},{"internalType":"uint256","name":"communityPoolTotalPrincipal","type":"uint256"},{"internalType":"uint256","name":"operatorPoolCheckpointId","type":"uint256"},{"internalType":"uint256","name":"communityPoolCheckpointId","type":"uint256"}],"internalType":"struct RewardVault.VestingCheckpointData","name":"","type":"tuple"}],"stateMutability":"view","type":"function"},{"inputs":[{"internalType":"bytes32","name":"role","type":"bytes32"},{"internalType":"address","name":"account","type":"address"}],"name":"grantRole","outputs":[],"stateMutability":"nonpayable","type":"function"},{"inputs":[{"internalType":"bytes32","name":"role","type":"bytes32"},{"internalType":"address","name":"account","type":"address"}],"name":"hasRole","outputs":[{"internalType":"bool","name":"","type":"bool"}],"stateMutability":"view","type":"function"},{"inputs":[],"name":"isOpen","outputs":[{"internalType":"bool","name":"","type":"bool"}],"stateMutability":"view","type":"function"},{"inputs":[],"name":"isPaused","outputs":[{"internalType":"bool","name":"","type":"bool"}],"stateMutability":"view","type":"function"},{"inputs":[{"internalType":"bytes","name":"data","type":"bytes"}],"name":"migrate","outputs":[],"stateMutability":"nonpayable","type":"function"},{"inputs":[{"internalType":"address","name":"sender","type":"address"},{"internalType":"uint256","name":"amount","type":"uint256"},{"internalType":"bytes","name":"data","type":"bytes"}],"name":"onTokenTransfer","outputs":[],"stateMutability":"nonpayable","type":"function"},{"inputs":[],"name":"owner","outputs":[{"internalType":"address","name":"","type":"address"}],"stateMutability":"view","type":"function"},{"inputs":[],"name":"paused","outputs":[{"internalType":"bool","name":"","type":"bool"}],"stateMutability":"view","type":"function"},{"inputs":[],"name":"pendingDefaultAdmin","outputs":[{"internalType":"address","name":"newAdmin","type":"address"},{"internalType":"uint48","name":"schedule","type":"uint48"}],"stateMutability":"view","type":"function"},{"inputs":[],"name":"pendingDefaultAdminDelay","outputs":[{"internalType":"uint48","name":"newDelay","type":"uint48"},{"internalType":"uint48","name":"schedule","type":"uint48"}],"stateMutability":"view","type":"function"},{"inputs":[{"internalType":"bytes32","name":"role","type":"bytes32"},{"internalType":"address","name":"account","type":"address"}],"name":"renounceRole","outputs":[],"stateMutability":"nonpayable","type":"function"},{"inputs":[{"internalType":"bytes32","name":"role","type":"bytes32"},{"internalType":"address","name":"account","type":"address"}],"name":"revokeRole","outputs":[],"stateMutability":"nonpayable","type":"function"},{"inputs":[],"name":"rollbackDefaultAdminDelay","outputs":[],"stateMutability":"nonpayable","type":"function"},{"inputs":[{"internalType":"uint256","name":"newDelegationRateDenominator","type":"uint256"}],"name":"setDelegationRateDenominator","outputs":[],"stateMutability":"nonpayable","type":"function"},{"inputs":[{"internalType":"address","name":"newMigrationSource","type":"address"}],"name":"setMigrationSource","outputs":[],"stateMutability":"nonpayable","type":"function"},{"inputs":[{"internalType":"address","name":"newMigrationTarget","type":"address"}],"name":"setMigrationTarget","outputs":[],"stateMutability":"nonpayable","type":"function"},{"inputs":[{"internalType":"uint256","name":"newMultiplierDuration","type":"uint256"}],"name":"setMultiplierDuration","outputs":[],"stateMutability":"nonpayable","type":"function"},{"inputs":[{"internalType":"bytes4","name":"interfaceID","type":"bytes4"}],"name":"supportsInterface","outputs":[{"internalType":"bool","name":"","type":"bool"}],"stateMutability":"view","type":"function"},{"inputs":[],"name":"typeAndVersion","outputs":[{"internalType":"string","name":"","type":"string"}],"stateMutability":"pure","type":"function"},{"inputs":[{"internalType":"address","name":"staker","type":"address"}],"name":"updateReward","outputs":[],"stateMutability":"nonpayable","type":"function"}]